Fecha y Hora,Valor,
2015-01-01,43.4416666666667,51.0
2015-01-02,43.2520833333333,51.0
2015-01-03,43.1170833333333,51.0
2015-01-04,43.1141666666667,51.0
2015-01-05,43.1904166666667,51.0
2015-01-06,43.00125,51.0
2015-01-07,42.9716666666667,51.0
2015-01-08,43.1779166666667,51.0
2015-01-09,43.2529166666667,51.0
2015-01-10,43.38875,51.0
2015-01-11,43.7516666666667,51.0
2015-01-12,42.79375,51.0
2015-01-13,42.0816666666667,51.0
2015-01-14,41.94375,51.0
2015-01-15,41.5391666666667,51.0
2015-01-16,40.9004166666667,51.0
2015-01-17,41.1708333333333,51.0
2015-01-18,41.005,51.0
2015-01-19,45.2933333333333,51.0
2015-01-20,43.1033333333333,51.0
2015-01-21,40.7541666666667,51.0
2015-01-22,42.41875,51.0
2015-01-23,41.2741666666667,51.0
2015-01-24,37.3658333333333,51.0
2015-01-25,37.8070833333333,51.0
2015-01-26,37.2195833333333,51.0
2015-01-27,36.5595833333333,51.0
2015-01-28,35.89875,51.0
2015-01-29,36.3758333333333,51.0
2015-01-30,35.0858333333333,51.0
2015-01-31,34.73625,51.0
2015-02-01,35.6341666666667,51.0
2015-02-02,33.4616666666667,51.0
2015-02-03,44.9041666666667,51.0
2015-02-04,34.68875,51.0
2015-02-05,29.5070833333333,51.0
2015-02-06,35.665,51.0
2015-02-07,40.1033333333333,51.0
2015-02-08,45.6779166666667,51.0
2015-02-09,53.73125,51.0
2015-02-10,58.2754166666667,51.0
2015-02-11,56.4658333333333,51.0
2015-02-12,46.3120833333333,51.0
2015-02-13,45.69875,51.0
2015-02-14,47.7208333333333,51.0
2015-02-15,46.5883333333333,51.0
2015-02-16,39.0004166666667,51.0
2015-02-17,33.03,51.0
2015-02-18,29.54875,51.0
2015-02-19,27.8316666666667,51.0
2015-02-20,27.30375,51.0
2015-02-21,29.27375,51.0
2015-02-22,26.97375,51.0
2015-02-23,24.7616666666667,51.0
2015-02-24,22.8891666666667,51.0
2015-02-25,22.2866666666667,51.0
2015-02-26,21.51125,51.0
2015-02-27,20.3420833333333,51.0
2015-02-28,20.3108333333333,51.0
2015-03-01,19.7233333333333,51.0
2015-03-02,20.6995833333333,51.0
2015-03-03,19.3683333333333,51.0
2015-03-04,18.2745833333333,51.0
2015-03-05,18.6204166666667,51.0
2015-03-06,25.30125,51.0
2015-03-07,30.2479166666667,51.0
2015-03-08,25.7795833333333,51.0
2015-03-09,21.1166666666667,51.0
2015-03-10,20.4954166666667,51.0
2015-03-11,22.9095833333333,51.0
2015-03-12,21.7775,51.0
2015-03-13,18.85625,51.0
2015-03-14,17.97875,51.0
2015-03-15,17.6945833333333,51.0
2015-03-16,16.3125,51.0
2015-03-17,17.00875,51.0
2015-03-18,16.1579166666667,51.0
2015-03-19,21.5104166666667,51.0
2015-03-20,47.9333333333334,51.0
2015-03-21,84.5020833333333,51.0
2015-03-22,58.58125,51.0
2015-03-23,45.715,51.0
2015-03-24,39.4533333333333,51.0
2015-03-25,35.8545833333333,51.0
2015-03-26,33.6341666666667,51.0
2015-03-27,32.6104166666667,51.0
2015-03-28,33.065,51.0
2015-03-29,38.3533333333333,51.0
2015-03-30,38.7475,51.0
2015-03-31,44.5004166666667,51.0
2015-04-01,49.2441666666667,51.0
2015-04-02,48.9095833333333,51.0
2015-04-03,52.0754166666667,51.0
2015-04-04,83.76125,51.0
2015-04-05,103.352916666667,51.0
2015-04-06,112.124583333333,51.0
2015-04-07,87.6541666666667,51.0
2015-04-08,85.51625,51.0
2015-04-09,77.77875,51.0
2015-04-10,67.0641666666667,51.0
2015-04-11,64.92375,51.0
2015-04-12,58.6633333333334,51.0
2015-04-13,56.59625,51.0
2015-04-14,75.1516666666667,51.0
2015-04-15,107.13875,51.0
2015-04-16,105.40625,51.0
2015-04-17,150.981666666667,51.0
2015-04-18,306.347916666667,51.0
2015-04-19,236.808333333333,51.0
2015-04-20,199.2775,51.0
2015-04-21,206.40625,51.0
2015-04-22,135.131666666667,51.0
2015-04-23,99.9245833333333,51.0
2015-04-24,94.4583333333334,51.0
2015-04-25,86.94875,51.0
2015-04-26,125.109583333333,51.0
2015-04-27,148.100416666667,51.0
2015-04-28,87.6308333333333,51.0
2015-04-29,76.0366666666667,51.0
2015-04-30,68.9795833333333,51.0
2015-05-01,68.0275,51.0
2015-05-02,59.9504166666667,51.0
2015-05-03,53.7804166666667,51.0
2015-05-04,49.7195833333333,51.0
2015-05-05,46.3216666666667,51.0
2015-05-06,43.7808333333333,51.0
2015-05-07,42.1595833333333,51.0
2015-05-08,44.2858333333333,51.0
2015-05-09,45.8129166666667,51.0
2015-05-10,45.8233333333333,51.0
2015-05-11,42.62375,51.0
2015-05-12,37.4983333333333,51.0
2015-05-13,33.6645833333333,51.0
2015-05-14,32.1441666666667,51.0
2015-05-15,40.0929166666667,51.0
2015-05-16,58.4441666666667,51.0
2015-05-17,61.9941666666667,51.0
2015-05-18,74.83125,51.0
2015-05-19,71.3658333333333,51.0
2015-05-20,62.0220833333333,51.0
2015-05-21,58.4470833333333,51.0
2015-05-22,70.8741666666667,51.0
2015-05-23,64.84625,51.0
2015-05-24,72.8779166666667,51.0
2015-05-25,65.3408333333334,51.0
2015-05-26,90.56,51.0
2015-05-27,71.2820833333333,51.0
2015-05-28,66.7954166666667,51.0
2015-05-29,70.1666666666667,51.0
2015-05-30,84.9258333333334,51.0
2015-05-31,79.5270833333333,51.0
2015-06-01,102.664166666667,51.0
2015-06-02,146.46375,51.0
2015-06-03,146.10625,51.0
2015-06-04,99.6479166666666,51.0
2015-06-05,173.590833333333,51.0
2015-06-06,142.68,51.0
2015-06-07,95.1829166666667,51.0
2015-06-08,108.02375,51.0
2015-06-09,77.1383333333333,51.0
2015-06-10,67.7104166666667,51.0
2015-06-11,62.4379166666667,51.0
2015-06-12,71.9183333333333,51.0
2015-06-13,57.8,51.0
2015-06-14,66.2891666666666,51.0
2015-06-15,61.8375,51.0
2015-06-16,88.96625,51.0
2015-06-17,75.89125,51.0
2015-06-18,82.9904166666667,51.0
2015-06-19,143.924166666667,51.0
2015-06-20,134.72625,51.0
2015-06-21,117.5225,51.0
2015-06-22,127.62375,51.0
2015-06-23,136.549583333333,51.0
2015-06-24,164.632083333333,51.0
2015-06-25,224.26,51.0
2015-06-26,339.435833333333,51.0
2015-06-27,250.492916666667,51.0
2015-06-28,279.46,51.0
2015-06-29,237.115416666667,51.0
2015-06-30,133.44375,51.0
2015-07-01,103.935,51.0
2015-07-02,96.5,51.0
2015-07-03,81.9429166666667,51.0
2015-07-04,75.4454166666667,51.0
2015-07-05,79.6908333333333,51.0
2015-07-06,62.2233333333333,51.0
2015-07-07,59.2741666666667,51.0
2015-07-08,55.7745833333333,51.0
2015-07-09,50.0945833333333,51.0
2015-07-10,52.4479166666667,51.0
2015-07-11,71.8258333333333,51.0
2015-07-12,52.1191666666667,51.0
2015-07-13,44.4745833333333,51.0
2015-07-14,42.3475,51.0
2015-07-15,51.2125,51.0
2015-07-16,153.040416666667,51.0
2015-07-17,100.467083333333,51.0
2015-07-18,110.5825,51.0
2015-07-19,96.0929166666667,51.0
2015-07-20,74.835,51.0
2015-07-21,76.66875,51.0
2015-07-22,80.5216666666667,51.0
2015-07-23,247.2,51.0
2015-07-24,230.347916666667,51.0
2015-07-25,140.333333333333,51.0
2015-07-26,89.6708333333333,51.0
2015-07-27,134.220833333333,51.0
2015-07-28,134.846666666667,51.0
2015-07-29,101.42375,51.0
2015-07-30,108.500833333333,51.0
2015-07-31,99.2754166666667,51.0
2015-08-01,96.2025,51.0
2015-08-02,84.76625,51.0
2015-08-03,98.3166666666667,51.0
2015-08-04,79.2695833333333,51.0
2015-08-05,103.047916666667,51.0
2015-08-06,76.5320833333333,51.0
2015-08-07,76.8225,51.0
2015-08-08,77.0429166666667,51.0
2015-08-09,91.69375,51.0
2015-08-10,73.34625,51.0
2015-08-11,70.575,51.0
2015-08-12,61.61875,51.0
2015-08-13,62.48,51.0
2015-08-14,70.0870833333333,51.0
2015-08-15,126.7275,51.0
2015-08-16,170.0675,51.0
2015-08-17,172.5525,51.0
2015-08-18,129.208333333333,51.0
2015-08-19,91.4025,51.0
2015-08-20,83.6554166666667,51.0
2015-08-21,118.513333333333,51.0
2015-08-22,80.1166666666667,51.0
2015-08-23,74.2258333333333,51.0
2015-08-24,74.7525,51.0
2015-08-25,93.2666666666666,51.0
2015-08-26,100.026666666667,51.0
2015-08-27,83.18625,51.0
2015-08-28,77.8279166666667,51.0
2015-08-29,84.08125,51.0
2015-08-30,68.7595833333333,51.0
2015-08-31,65.5933333333334,51.0
2015-09-01,95.3175,51.0
2015-09-02,72.5916666666667,51.0
2015-09-03,78.04,51.0
2015-09-04,60.3629166666667,51.0
2015-09-05,54.455,51.0
2015-09-06,49.9808333333333,51.0
2015-09-07,87.785,51.0
2015-09-08,73.9070833333333,51.0
2015-09-09,56.0954166666667,51.0
2015-09-10,51.4366666666667,51.0
2015-09-11,69.6195833333333,51.0
2015-09-12,63.0095833333333,51.0
2015-09-13,51.0270833333333,51.0
2015-09-14,47.7358333333333,51.0
2015-09-15,51.2754166666667,51.0
2015-09-16,44.0958333333333,51.0
2015-09-17,45.565,51.0
2015-09-18,50.7429166666667,51.0
2015-09-19,56.3020833333333,51.0
2015-09-20,75.9491666666667,51.0
2015-09-21,67.4283333333333,51.0
2015-09-22,52.3891666666667,51.0
2015-09-23,47.04375,51.0
2015-09-24,43.2191666666667,51.0
2015-09-25,38.3608333333333,51.0
2015-09-26,34.885,51.0
2015-09-27,33.3366666666667,51.0
2015-09-28,31.26875,51.0
2015-09-29,31.4225,51.0
2015-09-30,35.7258333333333,51.0
2015-10-01,30.9866666666667,51.0
2015-10-02,51.8595833333333,51.0
2015-10-03,57.1854166666667,51.0
2015-10-04,54.2529166666667,51.0
2015-10-05,41.3191666666667,51.0
2015-10-06,35.7466666666667,51.0
2015-10-07,31.6816666666667,51.0
2015-10-08,28.66,51.0
2015-10-09,28.5475,51.0
2015-10-10,27.1604166666667,51.0
2015-10-11,29.3883333333333,51.0
2015-10-12,33.76125,51.0
2015-10-13,34.2491666666667,51.0
2015-10-14,39.3270833333333,51.0
2015-10-15,45.4366666666667,51.0
2015-10-16,50.8520833333333,51.0
2015-10-17,39.8695833333333,51.0
2015-10-18,44.26875,51.0
2015-10-19,43.18875,51.0
2015-10-20,42.5558333333333,51.0
2015-10-21,35.12125,51.0
2015-10-22,30.7620833333333,51.0
2015-10-23,32.5375,51.0
2015-10-24,65.74875,51.0
2015-10-25,57.7245833333333,51.0
2015-10-26,89.35125,51.0
2015-10-27,56.8016666666667,51.0
2015-10-28,53.9741666666667,51.0
2015-10-29,45.8525,51.0
2015-10-30,45.33125,51.0
2015-10-31,41.32,51.0
2015-11-01,43.8379166666667,51.0
2015-11-02,86.37,51.0
2015-11-03,83.7983333333333,51.0
2015-11-04,62.58875,51.0
2015-11-05,65.0025,51.0
2015-11-06,79.2283333333333,51.0
2015-11-07,96.7770833333333,51.0
2015-11-08,125.230833333333,51.0
2015-11-09,92.1554166666667,51.0
2015-11-10,68.685,51.0
2015-11-11,59.8891666666667,51.0
2015-11-12,53.1991666666667,51.0
2015-11-13,51.6475,51.0
2015-11-14,48.9841666666667,51.0
2015-11-15,52.2008333333333,51.0
2015-11-16,59.3683333333333,51.0
2015-11-17,74.17125,51.0
2015-11-18,67.955,51.0
2015-11-19,65.02875,51.0
2015-11-20,65.2570833333333,51.0
2015-11-21,62.6645833333333,51.0
2015-11-22,58.7145833333333,51.0
2015-11-23,51.0975,51.0
2015-11-24,50.9933333333334,51.0
2015-11-25,49.5820833333333,51.0
2015-11-26,47.4120833333333,51.0
2015-11-27,46.7795833333333,51.0
2015-11-28,46.9395833333333,51.0
2015-11-29,48.9170833333333,51.0
2015-11-30,49.1129166666667,51.0
2015-12-01,50.80125,51.0
2015-12-02,46.0925,51.0
2015-12-03,41.4270833333333,51.0
2015-12-04,75.7383333333333,51.0
2015-12-05,88.5591666666667,51.0
2015-12-06,63.765,51.0
2015-12-07,51.4170833333333,51.0
2015-12-08,47.66125,51.0
2015-12-09,40.185,51.0
2015-12-10,36.3129166666667,51.0
2015-12-11,32.76875,51.0
2015-12-12,32.31875,51.0
2015-12-13,31.3429166666667,51.0
2015-12-14,32.01875,51.0
2015-12-15,38.3833333333333,51.0
2015-12-16,37.0591666666667,51.0
2015-12-17,33.9845833333333,51.0
2015-12-18,34.7220833333333,51.0
2015-12-19,34.9545833333333,51.0
2015-12-20,32.8466666666667,51.0
2015-12-21,29.4329166666667,51.0
2015-12-22,26.59375,51.0
2015-12-23,24.83875,51.0
2015-12-24,22.4758333333333,51.0
2015-12-25,21.0545833333333,51.0
2015-12-26,20.27625,51.0
2015-12-27,19.4975,51.0
2015-12-28,19.0391666666667,51.0
2015-12-29,17.8745833333333,51.0
2015-12-30,17.2229166666667,51.0
2015-12-31,16.5345833333333,51.0
2016-01-01,18.7533745349679,51.0
2016-01-02,19.2151009785074,51.0
2016-01-03,22.9636285952799,51.0
2016-01-04,23.7759737061538,51.0
2016-01-05,22.9529464357939,51.0
2016-01-06,23.1613414263953,51.0
2016-01-07,24.549967695147,51.0
2016-01-08,23.1337052032775,51.0
2016-01-09,21.2626818089311,51.0
2016-01-10,19.5124981978067,51.0
2016-01-11,18.2618651594192,51.0
2016-01-12,17.6024549104979,51.0
2016-01-13,16.8002996544607,51.0
2016-01-14,16.3169896648461,51.0
2016-01-15,15.7615665197755,51.0
2016-01-16,15.0411509653267,51.0
2016-01-17,14.8484679028725,51.0
2016-01-18,14.3465185783303,51.0
2016-01-19,14.1305833612873,51.0
2016-01-20,13.772468619046,51.0
2016-01-21,13.6538555400726,51.0
2016-01-22,16.9313303761207,51.0
2016-01-23,17.3585692206342,51.0
2016-01-24,17.260644977294,51.0
2016-01-25,18.7558853811508,51.0
2016-01-26,17.7232495151482,51.0
2016-01-27,17.1637774518046,51.0
2016-01-28,16.9451939252971,51.0
2016-01-29,16.9446782657314,51.0
2016-01-30,16.4366815136934,51.0
2016-01-31,16.2914821285847,51.0
2016-02-01,12.5459437238588,51.0
2016-02-02,12.377091788536,51.0
2016-02-03,12.5644661994663,51.0
2016-02-04,12.802481911733,51.0
2016-02-05,16.6122016818978,51.0
2016-02-06,14.4937072253657,51.0
2016-02-07,13.63132350827,51.0
2016-02-08,13.2971004828646,51.0
2016-02-09,13.2028602905174,51.0
2016-02-10,13.1547961717042,51.0
2016-02-11,12.9179264515677,51.0
2016-02-12,12.7761719786315,51.0
2016-02-13,13.5033356096046,51.0
2016-02-14,15.4018221344588,51.0
2016-02-15,14.181099152228,51.0
2016-02-16,13.489420167377,51.0
2016-02-17,13.8033750225219,51.0
2016-02-18,12.9189587002752,51.0
2016-02-19,13.1665370959341,51.0
2016-02-20,11.9042405534141,51.0
2016-02-21,16.5582502638845,51.0
2016-02-22,18.2592981203296,51.0
2016-02-23,27.8309838916454,51.0
2016-02-24,23.6462724513745,51.0
2016-02-25,19.2008097286661,51.0
2016-02-26,17.7525772245582,51.0
2016-02-27,16.5359087791261,51.0
2016-02-28,15.5467054650385,51.0
2016-02-29,15.5467054650385,51.0
2016-03-01,13.7719393377134,51.0
2016-03-02,14.5645808969143,51.0
2016-03-03,13.395787141753,51.0
2016-03-04,13.0141433661196,51.0
2016-03-05,12.4018097571643,51.0
2016-03-06,12.2337637624277,51.0
2016-03-07,12.5711583492477,51.0
2016-03-08,12.3294147665416,51.0
2016-03-09,13.6819271185518,51.0
2016-03-10,18.2848791191419,51.0
2016-03-11,17.8619456084882,51.0
2016-03-12,15.8934740895539,51.0
2016-03-13,15.3306428819338,51.0
2016-03-14,13.9168230551722,51.0
2016-03-15,13.7510546748592,51.0
2016-03-16,17.4333384289002,51.0
2016-03-17,18.2000103218434,51.0
2016-03-18,14.6328370472118,51.0
2016-03-19,13.6335634032433,51.0
2016-03-20,13.060786724214,51.0
2016-03-21,13.679666277026,51.0
2016-03-22,13.0607136687584,51.0
2016-03-23,12.5637072435745,51.0
2016-03-24,12.2367587542933,51.0
2016-03-25,11.6714025285046,51.0
2016-03-26,11.3194171615152,51.0
2016-03-27,11.2035360800809,51.0
2016-03-28,11.6769867418652,51.0
2016-03-29,13.4692360678069,51.0
2016-03-30,13.6234446632042,51.0
2016-03-31,13.6267773636704,51.0
2016-04-01,26.5713645265464,51.0
2016-04-02,27.4698672031803,51.0
2016-04-03,28.4061896195237,51.0
2016-04-04,33.8583333333333,51.0
2016-04-05,57.0570833333333,51.0
2016-04-06,58.905,51.0
2016-04-07,55.0291666666667,51.0
2016-04-08,34.8320833333333,51.0
2016-04-09,33.7183333333333,51.0
2016-04-10,32.3354166666667,51.0
2016-04-11,26.9520833333333,51.0
2016-04-12,30.59375,51.0
2016-04-13,57.5595833333333,51.0
2016-04-14,56.5733333333333,51.0
2016-04-15,55.0345833333333,51.0
2016-04-16,39.835,51.0
2016-04-17,62.8775,51.0
2016-04-18,56.89,51.0
2016-04-19,53.9245833333333,51.0
2016-04-20,44.9904166666667,51.0
2016-04-21,34.2208333333333,51.0
2016-04-22,32.9308333333333,51.0
2016-04-23,46.3854166666667,51.0
2016-04-24,69.8066666666667,51.0
2016-04-25,80.4429166666666,51.0
2016-04-26,67.8516666666667,51.0
2016-04-27,62.3058333333333,51.0
2016-04-28,54.86,51.0
2016-04-29,95.1045833333333,51.0
2016-04-30,115.81125,51.0
2016-05-01,180.787916666667,51.0
2016-05-02,147.07625,51.0
2016-05-03,110.99125,51.0
2016-05-04,128.862916666667,51.0
2016-05-05,149.541666666667,51.0
2016-05-06,105.77875,51.0
2016-05-07,89.9216666666667,51.0
2016-05-08,82.92375,51.0
2016-05-09,94.8475,51.0
2016-05-10,143.398333333333,51.0
2016-05-11,115.7875,51.0
2016-05-12,102.190833333333,51.0
2016-05-13,96.1791666666667,51.0
2016-05-14,96.4691666666667,51.0
2016-05-15,93.3345833333333,51.0
2016-05-16,93.1129166666667,51.0
2016-05-17,103.894583333333,51.0
2016-05-18,91.4608333333333,51.0
2016-05-19,105.277083333333,51.0
2016-05-20,95.3691666666667,51.0
2016-05-21,80.4045833333333,51.0
2016-05-22,72.8208333333333,51.0
2016-05-23,67.4858333333333,51.0
2016-05-24,89.62625,51.0
2016-05-25,87.9520833333333,51.0
2016-05-26,158.926666666667,51.0
2016-05-27,139.867083333333,51.0
2016-05-28,127.620833333333,51.0
2016-05-29,162.254583333333,51.0
2016-05-30,146.956666666667,51.0
2016-05-31,145.105,51.0
2016-06-01,116.33875,51.0
2016-06-02,103.147083333333,51.0
2016-06-03,97.2845833333333,51.0
2016-06-04,92.3725,51.0
2016-06-05,80.87375,51.0
2016-06-06,72.4304166666667,51.0
2016-06-07,70.4370833333333,51.0
2016-06-08,68.7233333333333,51.0
2016-06-09,65.945,51.0
2016-06-10,70.695,51.0
2016-06-11,92.4604166666667,51.0
2016-06-12,70.9125,51.0
2016-06-13,62.1079166666667,51.0
2016-06-14,65.1791666666667,51.0
2016-06-15,70.7475,51.0
2016-06-16,91.85625,51.0
2016-06-17,74.4579166666667,51.0
2016-06-18,67.1279166666667,51.0
2016-06-19,64.7908333333333,51.0
2016-06-20,89.3983333333334,51.0
2016-06-21,142.6025,51.0
2016-06-22,88.89375,51.0
2016-06-23,95.43,51.0
2016-06-24,79.6425,51.0
2016-06-25,86.8258333333333,51.0
2016-06-26,92.0075,51.0
2016-06-27,96.8895833333333,51.0
2016-06-28,73.85125,51.0
2016-06-29,66.0833333333333,51.0
2016-06-30,79.9141666666667,51.0
2016-07-01,139.279583333333,51.0
2016-07-02,129.938333333333,51.0
2016-07-03,110.723333333333,51.0
2016-07-04,111.651666666667,51.0
2016-07-05,81.51625,51.0
2016-07-06,122.26125,51.0
2016-07-07,113.3875,51.0
2016-07-08,137.195416666667,51.0
2016-07-09,88.7008333333334,51.0
2016-07-10,90.3183333333333,51.0
2016-07-11,78.5491666666667,51.0
2016-07-12,97.4141666666666,51.0
2016-07-13,102.911666666667,51.0
2016-07-14,76.7445833333333,51.0
2016-07-15,73.8204166666667,51.0
2016-07-16,74.84625,51.0
2016-07-17,104.299583333333,51.0
2016-07-18,82.86125,51.0
2016-07-19,84.0983333333334,51.0
2016-07-20,73.515,51.0
2016-07-21,68.7258333333333,51.0
2016-07-22,82.2895833333333,51.0
2016-07-23,86.9641666666667,51.0
2016-07-24,70.3533333333333,51.0
2016-07-25,77.14,51.0
2016-07-26,80.9770833333333,51.0
2016-07-27,68.6145833333333,51.0
2016-07-28,122.7075,51.0
2016-07-29,94.4929166666667,51.0
2016-07-30,77.2195833333333,51.0
2016-07-31,76.8675,51.0
2016-08-01,96.0404166666667,51.0
2016-08-02,84.6004166666667,51.0
2016-08-03,93.0808333333333,51.0
2016-08-04,98.9066666666667,51.0
2016-08-05,100.374583333333,51.0
2016-08-06,98.085,51.0
2016-08-07,77.24625,51.0
2016-08-08,67.2666666666667,51.0
2016-08-09,60.7979166666667,51.0
2016-08-10,66.3195833333333,51.0
2016-08-11,60.8520833333333,51.0
2016-08-12,59.1375,51.0
2016-08-13,55.7179166666667,51.0
2016-08-14,64.1420833333333,51.0
2016-08-15,62.9033333333333,51.0
2016-08-16,64.22375,51.0
2016-08-17,54.17875,51.0
2016-08-18,57.9945833333333,51.0
2016-08-19,143.927916666667,51.0
2016-08-20,72.4129166666667,51.0
2016-08-21,58.6258333333333,51.0
2016-08-22,50.975,51.0
2016-08-23,49.3383333333333,51.0
2016-08-24,45.8483333333333,51.0
2016-08-25,43.0345833333333,51.0
2016-08-26,58.4683333333333,51.0
2016-08-27,107.643333333333,51.0
2016-08-28,93.1554166666667,51.0
2016-08-29,73.5075,51.0
2016-08-30,64.3245833333333,51.0
2016-08-31,63.3658333333334,51.0
2016-09-01,56.7233333333333,51.0
2016-09-02,67.2279166666667,51.0
2016-09-03,58.34625,51.0
2016-09-04,56.2358333333333,51.0
2016-09-05,57.8733333333333,51.0
2016-09-06,60.1254166666667,51.0
2016-09-07,55.9891666666667,51.0
2016-09-08,85.7029166666667,51.0
2016-09-09,77.47875,51.0
2016-09-10,65.3433333333333,51.0
2016-09-11,65.9620833333333,51.0
2016-09-12,62.9270833333333,51.0
2016-09-13,67.9633333333334,51.0
2016-09-14,63.5641666666667,51.0
2016-09-15,56.31375,51.0
2016-09-16,67.1391666666666,51.0
2016-09-17,54.1229166666667,51.0
2016-09-18,49.3383333333333,51.0
2016-09-19,64.4766666666667,51.0
2016-09-20,68.6841666666667,51.0
2016-09-21,78.14875,51.0
2016-09-22,83.835,51.0
2016-09-23,65.2620833333333,51.0
2016-09-24,58.67375,51.0
2016-09-25,58.40625,51.0
2016-09-26,50.06125,51.0
2016-09-27,48.9925,51.0
2016-09-28,43.1391666666667,51.0
2016-09-29,39.0108333333333,51.0
2016-09-30,34.9454166666667,51.0
2016-10-01,52.3025,51.0
2016-10-02,77.1675,51.0
2016-10-03,75.3391666666667,51.0
2016-10-04,62.5266666666667,51.0
2016-10-05,71.33125,51.0
2016-10-06,66.07,51.0
2016-10-07,56.0704166666667,51.0
2016-10-08,56.42375,51.0
2016-10-09,56.8833333333333,51.0
2016-10-10,70.2020833333333,51.0
2016-10-11,66.7766666666667,51.0
2016-10-12,74.8125,51.0
2016-10-13,63.1204166666667,51.0
2016-10-14,63.235,51.0
2016-10-15,64.2141666666667,51.0
2016-10-16,73.88375,51.0
2016-10-17,68.9395833333333,51.0
2016-10-18,67.8616666666667,51.0
2016-10-19,52.295,51.0
2016-10-20,62.3458333333333,51.0
2016-10-21,52.0820833333333,51.0
2016-10-22,44.9695833333333,51.0
2016-10-23,40.5079166666667,51.0
2016-10-24,37.6754166666667,51.0
2016-10-25,52.6908333333333,51.0
2016-10-26,72.56625,51.0
2016-10-27,76.9225,51.0
2016-10-28,100.590416666667,51.0
2016-10-29,109.924166666667,51.0
2016-10-30,99.4191666666667,51.0
2016-10-31,80.7120833333333,51.0
2016-11-01,99.5508333333333,51.0
2016-11-02,106.32,51.0
2016-11-03,92.5708333333333,51.0
2016-11-04,85.84125,51.0
2016-11-05,83.9825,51.0
2016-11-06,98.6104166666667,51.0
2016-11-07,102.205416666667,51.0
2016-11-08,172.21125,51.0
2016-11-09,175.650833333333,51.0
2016-11-10,105.730833333333,51.0
2016-11-11,94.32875,51.0
2016-11-12,128.559583333333,51.0
2016-11-13,93.2266666666667,51.0
2016-11-14,97.8395833333333,51.0
2016-11-15,133.529166666667,51.0
2016-11-16,127.957916666667,51.0
2016-11-17,182.310833333333,51.0
2016-11-18,206.023333333333,51.0
2016-11-19,202.446666666667,51.0
2016-11-20,390.76375,51.0
2016-11-21,247.11,51.0
2016-11-22,165.019166666667,51.0
2016-11-23,126.105833333333,51.0
2016-11-24,107.875833333333,51.0
2016-11-25,100.9975,51.0
2016-11-26,113.876666666667,51.0
2016-11-27,144.249166666667,51.0
2016-11-28,155.653333333333,51.0
2016-11-29,182.59,51.0
2016-11-30,182.069583333333,51.0
2016-12-01,297.700416666667,51.0
2016-12-02,349.284583333333,51.0
2016-12-03,320.975833333333,51.0
2016-12-04,254.524166666667,51.0
2016-12-05,197.792916666667,51.0
2016-12-06,191.379583333333,51.0
2016-12-07,157.0625,51.0
2016-12-08,136.21125,51.0
2016-12-09,118.177083333333,51.0
2016-12-10,106.848333333333,51.0
2016-12-11,104.787083333333,51.0
2016-12-12,94.8945833333334,51.0
2016-12-13,87.7579166666667,51.0
2016-12-14,81.0958333333333,51.0
2016-12-15,77.3208333333333,51.0
2016-12-16,73.0125,51.0
2016-12-17,68.7254166666667,51.0
2016-12-18,64.84625,51.0
2016-12-19,61.2058333333333,51.0
2016-12-20,58.12875,51.0
2016-12-21,61.2670833333333,51.0
2016-12-22,69.1995833333333,51.0
2016-12-23,77.3820833333333,51.0
2016-12-24,74.4625,51.0
2016-12-25,71.2954166666667,51.0
2016-12-26,65.2029166666667,51.0
2016-12-27,63.9125,51.0
2016-12-28,69.2275,51.0
2016-12-29,62.5195833333333,51.0
2016-12-30,62.49,51.0
2016-12-31,62.2716666666667,51.0
2017-01-01,62.272,51.0
2017-01-02,58.156,51.0
2017-01-03,52.721,51.0
2017-01-04,50.624,51.0
2017-01-05,48.775,51.0
2017-01-06,54.95,51.0
2017-01-07,56.429,51.0
2017-01-08,57.542,51.0
2017-01-09,66.713,51.0
2017-01-10,92.937,51.0
2017-01-11,73.122,51.0
2017-01-12,75.77,51.0
2017-01-13,68.813,51.0
2017-01-14,63.505,51.0
2017-01-15,57.048,51.0
2017-01-16,51.053,51.0
2017-01-17,47.041,51.0
2017-01-18,44.253,51.0
2017-01-19,51.493,51.0
2017-01-20,50.681,51.0
2017-01-21,46.328,51.0
2017-01-22,41.111,51.0
2017-01-23,38.04,51.0
2017-01-24,35.464,51.0
2017-01-25,33.599,51.0
2017-01-26,32.541,51.0
2017-01-27,31.924,51.0
2017-01-28,36.037,51.0
2017-01-29,37.353,51.0
2017-01-30,32.953,51.0
2017-01-31,34.01,51.0
2017-02-01,33.867,51.0
2017-02-02,29.925,51.0
2017-02-03,28.753,51.0
2017-02-04,28.016,51.0
2017-02-05,25.612,51.0
2017-02-06,23.98,51.0
2017-02-07,22.181,51.0
2017-02-08,20.618,51.0
2017-02-09,19.238,51.0
2017-02-10,18.503,51.0
2017-02-11,18.284,51.0
2017-02-12,17.575,51.0
2017-02-13,21.217,51.0
2017-02-14,26.345,51.0
2017-02-15,22.481,51.0
2017-02-16,19.509,51.0
2017-02-17,17.869,51.0
2017-02-18,16.703,51.0
2017-02-19,16.05,51.0
2017-02-20,15.183,51.0
2017-02-21,15.836,51.0
2017-02-22,14.968,51.0
2017-02-23,14.417,51.0
2017-02-24,14.08,51.0
2017-02-25,16.105,51.0
2017-02-26,27.261,51.0
2017-02-27,26.26,51.0
2017-02-28,22.82,51.0
2017-03-01,30.793,51.0
2017-03-02,35.169,51.0
2017-03-03,33.644,51.0
2017-03-04,25.866,51.0
2017-03-05,28.295,51.0
2017-03-06,41.73,51.0
2017-03-07,49.245,51.0
2017-03-08,63.325,51.0
2017-03-09,71.675,51.0
2017-03-10,57.184,51.0
2017-03-11,69.246,51.0
2017-03-12,85.672,51.0
2017-03-13,98.182,51.0
2017-03-14,92.412,51.0
2017-03-15,76.617,51.0
2017-03-16,63.502,51.0
2017-03-17,57.858,51.0
2017-03-18,49.901,51.0
2017-03-19,44.729,51.0
2017-03-20,48.16,51.0
2017-03-21,53.009,51.0
2017-03-22,49.479,51.0
2017-03-23,61.421,51.0
2017-03-24,96.255,51.0
2017-03-25,92.043,51.0
2017-03-26,127.391,51.0
2017-03-27,179.37,51.0
2017-03-28,246.722,51.0
2017-03-29,228.088,51.0
2017-03-30,196.965,51.0
2017-03-31,167.53,51.0
2017-04-01,118.99,51.0
2017-04-02,102.184,51.0
2017-04-03,85.733,51.0
2017-04-04,74.04,51.0
2017-04-05,65.425,51.0
2017-04-06,59.191,51.0
2017-04-07,54.88,51.0
2017-04-08,57.918,51.0
2017-04-09,66.436,51.0
2017-04-10,61.536,51.0
2017-04-11,65.492,51.0
2017-04-12,74.405,51.0
2017-04-13,146.4,51.0
2017-04-14,126.484,51.0
2017-04-15,102.127,51.0
2017-04-16,93.74,51.0
2017-04-17,97.458,51.0
2017-04-18,97.23,51.0
2017-04-19,123.738,51.0
2017-04-20,115.42,51.0
2017-04-21,280.837,51.0
2017-04-22,226.292,51.0
2017-04-23,160.969,51.0
2017-04-24,168.76,51.0
2017-04-25,141.081,51.0
2017-04-26,144.727,51.0
2017-04-27,122.556,51.0
2017-04-28,104.862,51.0
2017-04-29,91.095,51.0
2017-04-30,100.322,51.0
2017-05-01,101.41,51.0
2017-05-02,124.953,51.0
2017-05-03,180.226,51.0
2017-05-04,255.643,51.0
2017-05-05,191.968,51.0
2017-05-06,190.463,51.0
2017-05-07,186.951,51.0
2017-05-08,311.403,51.0
2017-05-09,274.253,51.0
2017-05-10,221.262,51.0
2017-05-11,201.847,51.0
2017-05-12,275.67,51.0
2017-05-13,256.028,51.0
2017-05-14,296.126,51.0
2017-05-15,244.31,51.0
2017-05-16,337.533,51.0
2017-05-17,272.73,51.0
2017-05-18,228.957,51.0
2017-05-19,167.928,51.0
2017-05-20,143.382,51.0
2017-05-21,125.381,51.0
2017-05-22,116.477,51.0
2017-05-23,153.726,51.0
2017-05-24,117.417,51.0
2017-05-25,136.865,51.0
2017-05-26,104.406,51.0
2017-05-27,98.451,51.0
2017-05-28,99.539,51.0
2017-05-29,96.031,51.0
2017-05-30,116.544,51.0
2017-05-31,98.798,51.0
2017-06-01,90.643,51.0
2017-06-02,92.429,51.0
2017-06-03,88.533,51.0
2017-06-04,79.163,51.0
2017-06-05,106.604,51.0
2017-06-06,119.145,51.0
2017-06-07,94.188,51.0
2017-06-08,105.26,51.0
2017-06-09,133.51,51.0
2017-06-10,152.887,51.0
2017-06-11,120.353,51.0
2017-06-12,153.408,51.0
2017-06-13,238.599,51.0
2017-06-14,237.246,51.0
2017-06-15,229.197,51.0
2017-06-16,264.453,51.0
2017-06-17,204.163,51.0
2017-06-18,245.793,51.0
2017-06-19,195.254,51.0
2017-06-20,161.188,51.0
2017-06-21,157.825,51.0
2017-06-22,178.092,51.0
2017-06-23,168.323,51.0
2017-06-24,126.107,51.0
2017-06-25,135.205,51.0
2017-06-26,121.635,51.0
2017-06-27,141.676,51.0
2017-06-28,120.923,51.0
2017-06-29,103.442,51.0
2017-06-30,122.624,51.0
2017-07-01,162.939,51.0
2017-07-02,169.921,51.0
2017-07-03,164.932,51.0
2017-07-04,134.643,51.0
2017-07-05,115.529,51.0
2017-07-06,109.012,51.0
2017-07-07,124.763,51.0
2017-07-08,105.105,51.0
2017-07-09,140.003,51.0
2017-07-10,138.46,51.0
2017-07-11,235.658,51.0
2017-07-12,214.515,51.0
2017-07-13,209.288,51.0
2017-07-14,162.881,51.0
2017-07-15,136.892,51.0
2017-07-16,155.27,51.0
2017-07-17,180.965,51.0
2017-07-18,126.22,51.0
2017-07-19,194.552,51.0
2017-07-20,144.735,51.0
2017-07-21,186.054,51.0
2017-07-22,142.96,51.0
2017-07-23,190.104,51.0
2017-07-24,167.994,51.0
2017-07-25,231.355,51.0
2017-07-26,239.466,51.0
2017-07-27,213.158,51.0
2017-07-28,198.534,51.0
2017-07-29,172.158,51.0
2017-07-30,200.364,51.0
2017-07-31,314.634,51.0
2017-08-01,238.225,51.0
2017-08-02,167.081,51.0
2017-08-03,127.382,51.0
2017-08-04,115.44,51.0
2017-08-05,110.325,51.0
2017-08-06,114.703,51.0
2017-08-07,101.367,51.0
2017-08-08,113.899,51.0
2017-08-09,113.366,51.0
2017-08-10,115.296,51.0
2017-08-11,91.522,51.0
2017-08-12,86.575,51.0
2017-08-13,87.535,51.0
2017-08-14,82.778,51.0
2017-08-15,75.511,51.0
2017-08-16,85.427,51.0
2017-08-17,77.911,51.0
2017-08-18,73.18,51.0
2017-08-19,81.953,51.0
2017-08-20,92.179,51.0
2017-08-21,91.311,51.0
2017-08-22,77.879,51.0
2017-08-23,77.498,51.0
2017-08-24,68.146,51.0
2017-08-25,95.259,51.0
2017-08-26,75.708,51.0
2017-08-27,69.444,51.0
2017-08-28,64.683,51.0
2017-08-29,64.737,51.0
2017-08-30,76.483,51.0
2017-08-31,75.988,51.0
2017-09-01,67.21,51.0
2017-09-02,64.911,51.0
2017-09-03,92.127,51.0
2017-09-04,111.194,51.0
2017-09-05,74.713,51.0
2017-09-06,67.461,51.0
2017-09-07,70.062,51.0
2017-09-08,86.766,51.0
2017-09-09,105.023,51.0
2017-09-10,87.209,51.0
2017-09-11,98.453,51.0
2017-09-12,78.087,51.0
2017-09-13,75.319,51.0
2017-09-14,88.801,51.0
2017-09-15,83.918,51.0
2017-09-16,74.734,51.0
2017-09-17,80.225,51.0
2017-09-18,74.93,51.0
2017-09-19,81.218,51.0
2017-09-20,81.05,51.0
2017-09-21,92.565,51.0
2017-09-22,86.092,51.0
2017-09-23,76.089,51.0
2017-09-24,81.002,51.0
2017-09-25,80.502,51.0
2017-09-26,75.127,51.0
2017-09-27,69.335,51.0
2017-09-28,82.304,51.0
2017-09-29,136.378,51.0
2017-09-30,129.798,51.0
2017-10-01,103.189,51.0
2017-10-02,97.152,51.0
2017-10-03,91.013,51.0
2017-10-04,96.353,51.0
2017-10-05,95.338,51.0
2017-10-06,88.319,51.0
2017-10-07,75.596,51.0
2017-10-08,69.725,51.0
2017-10-09,69.146,51.0
2017-10-10,102.422,51.0
2017-10-11,97.433,51.0
2017-10-12,81.139,51.0
2017-10-13,70.715,51.0
2017-10-14,64.106,51.0
2017-10-15,59.298,51.0
2017-10-16,62.485,51.0
2017-10-17,71.121,51.0
2017-10-18,62.876,51.0
2017-10-19,63.49,51.0
2017-10-20,59.98,51.0
2017-10-21,70.649,51.0
2017-10-22,70.977,51.0
2017-10-23,59.76,51.0
2017-10-24,55.854,51.0
2017-10-25,58.483,51.0
2017-10-26,74.44,51.0
2017-10-27,78.11,51.0
2017-10-28,87.351,51.0
2017-10-29,140.563,51.0
2017-10-30,119.431,51.0
2017-10-31,91.563,51.0
2017-11-01,78.025,51.0
2017-11-02,72.043,51.0
2017-11-03,77.5,51.0
2017-11-04,82.347,51.0
2017-11-05,80.009,51.0
2017-11-06,140.391,51.0
2017-11-07,109.438,51.0
2017-11-08,135.478,51.0
2017-11-09,108.409,51.0
2017-11-10,209.22,51.0
2017-11-11,146.41,51.0
2017-11-12,110.687,51.0
2017-11-13,91.384,51.0
2017-11-14,83.257,51.0
2017-11-15,152.66,51.0
2017-11-16,208.639,51.0
2017-11-17,241.631,51.0
2017-11-18,220.203,51.0
2017-11-19,232.781,51.0
2017-11-20,178.536,51.0
2017-11-21,129.768,51.0
2017-11-22,106.115,51.0
2017-11-23,97.258,51.0
2017-11-24,94.191,51.0
2017-11-25,90.785,51.0
2017-11-26,93.254,51.0
2017-11-27,82.358,51.0
2017-11-28,77.073,51.0
2017-11-29,74.901,51.0
2017-11-30,72.381,51.0
2017-12-01,67.705,51.0
2017-12-02,73.488,51.0
2017-12-03,75.628,51.0
2017-12-04,66.633,51.0
2017-12-05,63.173,51.0
2017-12-06,61.562,51.0
2017-12-07,56.043,51.0
2017-12-08,55.745,51.0
2017-12-09,59.574,51.0
2017-12-10,56.265,51.0
2017-12-11,54.772,51.0
2017-12-12,54.285,51.0
2017-12-13,51.35,51.0
2017-12-14,47.894,51.0
2017-12-15,44.623,51.0
2017-12-16,42.926,51.0
2017-12-17,41.373,51.0
2017-12-18,39.614,51.0
2017-12-19,38.145,51.0
2017-12-20,36.216,51.0
2017-12-21,35.023,51.0
2017-12-22,33.854,51.0
2017-12-23,32.721,51.0
2017-12-24,31.873,51.0
2017-12-25,32.466,51.0
2017-12-26,44.987,51.0
2017-12-27,43.332,51.0
2017-12-28,45.025,51.0
2017-12-29,56.604,51.0
2017-12-30,60.569,51.0
2017-12-31,50.358,51.0
2018-01-01,46.1354,51.0
2018-01-02,53.0879,51.0
2018-01-03,84.8479,51.0
2018-01-04,67.6117,51.0
2018-01-05,58.7417,51.0
2018-01-06,48.9638,51.0
2018-01-07,44.8096,51.0
2018-01-08,41.4783,51.0
2018-01-09,43.605,51.0
2018-01-10,53.2975,51.0
2018-01-11,68.7758,51.0
2018-01-12,54.1842,51.0
2018-01-13,48.0808,51.0
2018-01-14,47.1221,51.0
2018-01-15,45.7379,51.0
2018-01-16,41.5067,51.0
2018-01-17,39.1675,51.0
2018-01-18,44.1188,51.0
2018-01-19,48.3808,51.0
2018-01-20,46.8813,51.0
2018-01-21,40.7721,51.0
2018-01-22,35.5679,51.0
2018-01-23,32.85,51.0
2018-01-24,29.6958,51.0
2018-01-25,27.66,51.0
2018-01-26,25.8375,51.0
2018-01-27,24.9067,51.0
2018-01-28,24.23,51.0
2018-01-29,23.655,51.0
2018-01-30,24.6063,51.0
2018-01-31,23.63,51.0
2018-02-01,23.78,51.0
2018-02-02,24.3304,51.0
2018-02-03,30.6308,51.0
2018-02-04,29.0329,51.0
2018-02-05,27.1288,51.0
2018-02-06,25.5367,51.0
2018-02-07,23.78,51.0
2018-02-08,23.8058,51.0
2018-02-09,21.8071,51.0
2018-02-10,20.5171,51.0
2018-02-11,19.6292,51.0
2018-02-12,20.7179,51.0
2018-02-13,22.2092,51.0
2018-02-14,22.905,51.0
2018-02-15,28.9863,51.0
2018-02-16,33.4925,51.0
2018-02-17,35.2125,51.0
2018-02-18,37.6608,51.0
2018-02-19,30.1583,51.0
2018-02-20,25.6892,51.0
2018-02-21,22.5567,51.0
2018-02-22,20.0988,51.0
2018-02-23,18.7225,51.0
2018-02-24,18.1858,51.0
2018-02-25,18.9921,51.0
2018-02-26,19.0646,51.0
2018-02-27,19.1388,51.0
2018-02-28,18.7238,51.0
2018-03-01,17.4075,51.0
2018-03-02,16.0504,51.0
2018-03-03,17.8763,51.0
2018-03-04,29.2342,51.0
2018-03-05,41.3004,51.0
2018-03-06,72.9333,51.0
2018-03-07,53.3238,51.0
2018-03-08,42.0375,51.0
2018-03-09,42.745,51.0
2018-03-10,38.3904,51.0
2018-03-11,29.1146,51.0
2018-03-12,24.3333,51.0
2018-03-13,21.9825,51.0
2018-03-14,20.5921,51.0
2018-03-15,20.7171,51.0
2018-03-16,24.8696,51.0
2018-03-17,21.9833,51.0
2018-03-18,20.5442,51.0
2018-03-19,29.1496,51.0
2018-03-20,28.5638,51.0
2018-03-21,40.2296,51.0
2018-03-22,31.5504,51.0
2018-03-23,31.3433,51.0
2018-03-24,30.525,51.0
2018-03-25,34.6433,51.0
2018-03-26,66.2775,51.0
2018-03-27,58.0296,51.0
2018-03-28,60.7329,51.0
2018-03-29,84.5417,51.0
2018-03-30,72.9558,51.0
2018-03-31,96.9463,51.0
2018-04-01,164.1071,51.0
2018-04-02,131.1063,51.0
2018-04-03,157.0179,51.0
2018-04-04,158.2033,51.0
2018-04-05,179.6329,51.0
2018-04-06,277.6008,51.0
2018-04-07,249.9,51.0
2018-04-08,252.9088,51.0
2018-04-09,159.3738,51.0
2018-04-10,153.3575,51.0
2018-04-11,162.1008,51.0
2018-04-12,204.6617,51.0
2018-04-13,321.5679,51.0
2018-04-14,320.1988,51.0
2018-04-15,215.7438,51.0
2018-04-16,175.0204,51.0
2018-04-17,166.7425,51.0
2018-04-18,220.7829,51.0
2018-04-19,179.2683,51.0
2018-04-20,162.4292,51.0
2018-04-21,124.7963,51.0
2018-04-22,117.1083,51.0
2018-04-23,115.1663,51.0
2018-04-24,105.9833,51.0
2018-04-25,102.3863,51.0
2018-04-26,101.5033,51.0
2018-04-27,105.1371,51.0
2018-04-28,145.3888,51.0
2018-04-29,181.1929,51.0
2018-04-30,144.1596,51.0
2018-05-01,116.0521,51.0
2018-05-02,164.985,51.0
2018-05-03,149.0592,51.0
2018-05-04,303.0725,51.0
2018-05-05,228.0288,51.0
2018-05-06,210.5742,51.0
2018-05-07,234.8292,51.0
2018-05-08,366.7258,51.0
2018-05-09,370.3975,51.0
2018-05-10,274.3096,51.0
2018-05-11,254.3804,51.0
2018-05-12,230.1233,51.0
2018-05-13,218.7267,51.0
2018-05-14,211.6438,51.0
2018-05-15,249.1775,51.0
2018-05-16,220.2658,51.0
2018-05-17,186.9458,51.0
2018-05-18,156.0246,51.0
2018-05-19,144.2283,51.0
2018-05-20,133.8617,51.0
2018-05-21,144.2104,51.0
2018-05-22,152.5442,51.0
2018-05-23,135.2142,51.0
2018-05-24,129.76,51.0
2018-05-25,146.9408,51.0
2018-05-26,145.7942,51.0
2018-05-27,139.7454,51.0
2018-05-28,129.4263,51.0
2018-05-29,135.8,51.0
2018-05-30,132.9758,51.0
2018-05-31,130.3363,51.0
2018-06-01,117.5817,51.0
2018-06-02,116.0342,51.0
2018-06-03,108.2758,51.0
2018-06-04,108.1442,51.0
2018-06-05,131.7988,51.0
2018-06-06,164.9083,51.0
2018-06-07,118.2338,51.0
2018-06-08,100.65,51.0
2018-06-09,105.9971,51.0
2018-06-10,104.6292,51.0
2018-06-11,107.9679,51.0
2018-06-12,100.08,51.0
2018-06-13,88.4633,51.0
2018-06-14,117.5196,51.0
2018-06-15,130.4638,51.0
2018-06-16,126.1092,51.0
2018-06-17,125.5225,51.0
2018-06-18,144.4063,51.0
2018-06-19,171.1967,51.0
2018-06-20,234.2713,51.0
2018-06-21,174.6871,51.0
2018-06-22,126.8346,51.0
2018-06-23,129.5838,51.0
2018-06-24,103.3363,51.0
2018-06-25,117.2575,51.0
2018-06-26,125.9842,51.0
2018-06-27,157.03,51.0
2018-06-28,213.0454,51.0
2018-06-29,151.3896,51.0
2018-06-30,130.1629,51.0
2018-07-01,118.6779,51.0
2018-07-02,104.1454,51.0
2018-07-03,108.1833,51.0
2018-07-04,101.4042,51.0
2018-07-05,95.9804,51.0
2018-07-06,106.3638,51.0
2018-07-07,88.07,51.0
2018-07-08,82.1067,51.0
2018-07-09,86.0863,51.0
2018-07-10,88.4213,51.0
2018-07-11,124.9317,51.0
2018-07-12,125.2875,51.0
2018-07-13,99.7688,51.0
2018-07-14,115.9042,51.0
2018-07-15,152.0708,51.0
2018-07-16,102.9904,51.0
2018-07-17,150.5533,51.0
2018-07-18,132.7117,51.0
2018-07-19,93.5354,51.0
2018-07-20,100.2629,51.0
2018-07-21,85.1671,51.0
2018-07-22,108.1825,51.0
2018-07-23,100.2858,51.0
2018-07-24,136.8229,51.0
2018-07-25,205.2488,51.0
2018-07-26,171.58,51.0
2018-07-27,155.2167,51.0
2018-07-28,187.5583,51.0
2018-07-29,130.1338,51.0
2018-07-30,100.4883,51.0
2018-07-31,100.6321,51.0
2018-08-01,114.0529,51.0
2018-08-02,115.8733,51.0
2018-08-03,94.1642,51.0
2018-08-04,88.7275,51.0
2018-08-05,111.6667,51.0
2018-08-06,92.0508,51.0
2018-08-07,75.7354,51.0
2018-08-08,78.3667,51.0
2018-08-09,195.3213,51.0
2018-08-10,201.85,51.0
2018-08-11,101.4058,51.0
2018-08-12,90.4425,51.0
2018-08-13,95.7,51.0
2018-08-14,93.9933,51.0
2018-08-15,116.8942,51.0
2018-08-16,81.7804,51.0
2018-08-17,74.7879,51.0
2018-08-18,95.5733,51.0
2018-08-19,102.3708,51.0
2018-08-20,84.2775,51.0
2018-08-21,78.6996,51.0
2018-08-22,87.1646,51.0
2018-08-23,93.1525,51.0
2018-08-24,89.5017,51.0
2018-08-25,77.4104,51.0
2018-08-26,74.7925,51.0
2018-08-27,94.8988,51.0
2018-08-28,75.9892,51.0
2018-08-29,73.7138,51.0
2018-08-30,99.835,51.0
2018-08-31,86.7317,51.0
2018-09-01,74.4063,51.0
2018-09-02,66.1925,51.0
2018-09-03,77.3113,51.0
2018-09-04,79.2475,51.0
2018-09-05,80.88,51.0
2018-09-06,126.2821,51.0
2018-09-07,111.7754,51.0
2018-09-08,148.3442,51.0
2018-09-09,106.8708,51.0
2018-09-10,89.0613,51.0
2018-09-11,94.9458,51.0
2018-09-12,91.8583,51.0
2018-09-13,84.0754,51.0
2018-09-14,76.5988,51.0
2018-09-15,77.6488,51.0
2018-09-16,110.1908,51.0
2018-09-17,81.0208,51.0
2018-09-18,73.6792,51.0
2018-09-19,78.7117,51.0
2018-09-20,72.4,51.0
2018-09-21,62.0263,51.0
2018-09-22,57.6163,51.0
2018-09-23,65.8154,51.0
2018-09-24,78.2658,51.0
2018-09-25,65.8625,51.0
2018-09-26,63.1771,51.0
2018-09-27,62.1692,51.0
2018-09-28,77.0283,51.0
2018-09-29,99.2983,51.0
2018-09-30,91.1688,51.0
2018-10-01,94.5296,51.0
2018-10-02,112.7179,51.0
2018-10-03,147.4204,51.0
2018-10-04,131.9121,51.0
2018-10-05,149.1696,51.0
2018-10-06,166.7104,51.0
2018-10-07,155.9263,51.0
2018-10-08,115.85,51.0
2018-10-09,101.7433,51.0
2018-10-10,98.8746,51.0
2018-10-11,220.6088,51.0
2018-10-12,221.1596,51.0
2018-10-13,202.9221,51.0
2018-10-14,176.9188,51.0
2018-10-15,209.4792,51.0
2018-10-16,211.4329,51.0
2018-10-17,146.2033,51.0
2018-10-18,113.4354,51.0
2018-10-19,126.6833,51.0
2018-10-20,240.6567,51.0
2018-10-21,187.8817,51.0
2018-10-22,227.1033,51.0
2018-10-23,332.6288,51.0
2018-10-24,283.4408,51.0
2018-10-25,318.815,51.0
2018-10-26,236.2017,51.0
2018-10-27,189.6583,51.0
2018-10-28,148.9179,51.0
2018-10-29,137.2233,51.0
2018-10-30,121.5075,51.0
2018-10-31,121.4063,51.0
2018-11-01,119.5371,51.0
2018-11-02,103.4496,51.0
2018-11-03,106.4238,51.0
2018-11-04,107.8904,51.0
2018-11-05,142.3075,51.0
2018-11-06,131.3108,51.0
2018-11-07,136.8713,51.0
2018-11-08,129.3083,51.0
2018-11-09,137.1229,51.0
2018-11-10,233.3379,51.0
2018-11-11,198.9217,51.0
2018-11-12,165.1521,51.0
2018-11-13,132.7104,51.0
2018-11-14,111.5796,51.0
2018-11-15,101.7063,51.0
2018-11-16,95.6908,51.0
2018-11-17,113.3792,51.0
2018-11-18,177.9879,51.0
2018-11-19,134.7558,51.0
2018-11-20,108.0758,51.0
2018-11-21,100.3063,51.0
2018-11-22,96.9767,51.0
2018-11-23,108.7721,51.0
2018-11-24,101.0808,51.0
2018-11-25,118.9675,51.0
2018-11-26,109.4658,51.0
2018-11-27,92.0879,51.0
2018-11-28,88.1013,51.0
2018-11-29,80.8142,51.0
2018-11-30,87.9871,51.0
2018-12-01,79.835,51.0
2018-12-02,73.4279,51.0
2018-12-03,68.5858,51.0
2018-12-04,64.7083,51.0
2018-12-05,60.9054,51.0
2018-12-06,57.5325,51.0
2018-12-07,54.7971,51.0
2018-12-08,52.8275,51.0
2018-12-09,50.5425,51.0
2018-12-10,48.48,51.0
2018-12-11,46.6133,51.0
2018-12-12,44.995,51.0
2018-12-13,46.2433,51.0
2018-12-14,50.0454,51.0
2018-12-15,49.1821,51.0
2018-12-16,44.8617,51.0
2018-12-17,41.5038,51.0
2018-12-18,39.64,51.0
2018-12-19,38.1175,51.0
2018-12-20,36.8917,51.0
2018-12-21,38.4096,51.0
2018-12-22,35.6958,51.0
2018-12-23,34.0363,51.0
2018-12-24,32.8242,51.0
2018-12-25,32.5167,51.0
2018-12-26,31.28,51.0
2018-12-27,30.2558,51.0
2018-12-28,28.6513,51.0
2018-12-29,27.8125,51.0
2018-12-30,27.66,51.0
2018-12-31,28.6767,51.0
2019-01-01,29.64,51.0
2019-01-02,28.41,51.0
2019-01-03,27.75,51.0
2019-01-04,26.2,51.0
2019-01-05,25.78,51.0
2019-01-06,25.39,51.0
2019-01-07,30.62,51.0
2019-01-08,29.36,51.0
2019-01-09,31.7,51.0
2019-01-10,28.87,51.0
2019-01-11,27.47,51.0
2019-01-12,25.91,51.0
2019-01-13,33.93,51.0
2019-01-14,43.18,51.0
2019-01-15,42.93,51.0
2019-01-16,36.91,51.0
2019-01-17,33.46,51.0
2019-01-18,29.21,51.0
2019-01-19,26.39,51.0
2019-01-20,24.58,51.0
2019-01-21,23.32,51.0
2019-01-22,22.81,51.0
2019-01-23,21.78,51.0
2019-01-24,20.72,51.0
2019-01-25,20.89,51.0
2019-01-26,20.25,51.0
2019-01-27,19.41,51.0
2019-01-28,19.38,51.0
2019-01-29,23.72,51.0
2019-01-30,23.89,51.0
2019-01-31,22.04,51.0
2019-02-01,20.01,51.0
2019-02-02,18.75,51.0
2019-02-03,20.37,51.0
2019-02-04,18.2,51.0
2019-02-05,17.48,51.0
2019-02-06,18.73,51.0
2019-02-07,18.28,51.0
2019-02-08,21.06,51.0
2019-02-09,27.96,51.0
2019-02-10,28.59,51.0
2019-02-11,27.47,51.0
2019-02-12,24.56,51.0
2019-02-13,22.89,51.0
2019-02-14,21.43,51.0
2019-02-15,18.98,51.0
2019-02-16,16.53,51.0
2019-02-17,22.55,51.0
2019-02-18,28.33,51.0
2019-02-19,33.21,51.0
2019-02-20,45.21,51.0
2019-02-21,36.93,51.0
2019-02-22,36.26,51.0
2019-02-23,34.93,51.0
2019-02-24,38.77,51.0
2019-02-25,27.94,51.0
2019-02-26,23.77,51.0
2019-02-27,21.51,51.0
2019-02-28,28.72,51.0
2019-03-01,38.92,51.0
2019-03-02,29.89,51.0
2019-03-03,29.79,51.0
2019-03-04,41.31,51.0
2019-03-05,40.68,51.0
2019-03-06,32.19,51.0
2019-03-07,29.4,51.0
2019-03-08,36.43,51.0
2019-03-09,31.67,51.0
2019-03-10,27.04,51.0
2019-03-11,28.54,51.0
2019-03-12,42.81,51.0
2019-03-13,37.35,51.0
2019-03-14,32.43,51.0
2019-03-15,44.24,51.0
2019-03-16,41.87,51.0
2019-03-17,45.56,51.0
2019-03-18,43.48,51.0
2019-03-19,51.35,51.0
2019-03-20,59.29,51.0
2019-03-21,83.95,51.0
2019-03-22,90.87,51.0
2019-03-23,100.24,51.0
2019-03-24,93.74,51.0
2019-03-25,88.66,51.0
2019-03-26,83.01,51.0
2019-03-27,82.43,51.0
2019-03-28,75.04,51.0
2019-03-29,71.0,51.0
2019-03-30,111.71,51.0
2019-03-31,80.06,51.0
2019-04-01,104.09,51.0
2019-04-02,138.58,51.0
2019-04-03,118.7,51.0
2019-04-04,80.84,51.0
2019-04-05,73.1,51.0
2019-04-06,63.88,51.0
2019-04-07,61.89,51.0
2019-04-08,70.94,51.0
2019-04-09,65.97,51.0
2019-04-10,67.68,51.0
2019-04-11,62.58,51.0
2019-04-12,52.85,51.0
2019-04-13,50.07,51.0
2019-04-14,46.16,51.0
2019-04-15,68.14,51.0
2019-04-16,78.12,51.0
2019-04-17,77.21,51.0
2019-04-18,110.88,51.0
2019-04-19,108.22,51.0
2019-04-20,137.13,51.0
2019-04-21,204.0,51.0
2019-04-22,265.79,51.0
2019-04-23,332.16,51.0
2019-04-24,221.68,51.0
2019-04-25,241.87,51.0
2019-04-26,253.42,51.0
2019-04-27,202.57,51.0
2019-04-28,157.03,51.0
2019-04-29,123.73,51.0
2019-04-30,101.01,51.0
2019-05-01,89.27,51.0
2019-05-02,83.12,51.0
2019-05-03,76.19,51.0
2019-05-04,69.28,51.0
2019-05-05,66.78,51.0
2019-05-06,64.54,51.0
2019-05-07,64.38,51.0
2019-05-08,164.24,51.0
2019-05-09,157.88,51.0
2019-05-10,245.63,51.0
2019-05-11,196.53,51.0
2019-05-12,142.51,51.0
2019-05-13,116.67,51.0
2019-05-14,131.22,51.0
2019-05-15,123.59,51.0
2019-05-16,119.68,51.0
2019-05-17,117.25,51.0
2019-05-18,97.93,51.0
2019-05-19,102.73,51.0
2019-05-20,99.0,51.0
2019-05-21,94.73,51.0
2019-05-22,91.45,51.0
2019-05-23,116.17,51.0
2019-05-24,316.63,51.0
2019-05-25,204.04,51.0
2019-05-26,168.55,51.0
2019-05-27,192.95,51.0
2019-05-28,180.88,51.0
2019-05-29,148.47,51.0
2019-05-30,168.57,51.0
2019-05-31,187.15,51.0
2019-06-01,294.1,51.0
2019-06-02,292.38,51.0
2019-06-03,313.85,51.0
2019-06-04,236.21,51.0
2019-06-05,205.27,51.0
2019-06-06,177.77,51.0
2019-06-07,152.33,51.0
2019-06-08,168.93,51.0
2019-06-09,130.36,51.0
2019-06-10,117.75,51.0
2019-06-11,150.98,51.0
2019-06-12,142.99,51.0
2019-06-13,120.44,51.0
2019-06-14,117.51,51.0
2019-06-15,106.66,51.0
2019-06-16,93.63,51.0
2019-06-17,93.5,51.0
2019-06-18,143.24,51.0
2019-06-19,129.15,51.0
2019-06-20,200.93,51.0
2019-06-21,259.28,51.0
2019-06-22,290.36,51.0
2019-06-23,166.52,51.0
2019-06-24,136.33,51.0
2019-06-25,136.1,51.0
2019-06-26,107.2,51.0
2019-06-27,92.06,51.0
2019-06-28,80.58,51.0
2019-06-29,75.57,51.0
2019-06-30,94.91,51.0
2019-07-01,98.85,51.0
2019-07-02,117.84,51.0
2019-07-03,114.38,51.0
2019-07-04,86.99,51.0
2019-07-05,75.39,51.0
2019-07-06,81.63,51.0
2019-07-07,74.8,51.0
2019-07-08,67.94,51.0
2019-07-09,67.88,51.0
2019-07-10,90.99,51.0
2019-07-11,107.18,51.0
2019-07-12,88.5,51.0
2019-07-13,74.56,51.0
2019-07-14,84.02,51.0
2019-07-15,84.56,51.0
2019-07-16,69.34,51.0
2019-07-17,71.86,51.0
2019-07-18,61.73,51.0
2019-07-19,69.48,51.0
2019-07-20,106.11,51.0
2019-07-21,113.37,51.0
2019-07-22,89.7,51.0
2019-07-23,119.84,51.0
2019-07-24,100.12,51.0
2019-07-25,99.02,51.0
2019-07-26,78.78,51.0
2019-07-27,119.91,51.0
2019-07-28,91.44,51.0
2019-07-29,79.68,51.0
2019-07-30,70.2,51.0
2019-07-31,70.4,51.0
2019-08-01,82.75,51.0
2019-08-02,70.1,51.0
2019-08-03,68.4,51.0
2019-08-04,100.87,51.0
2019-08-05,81.13,51.0
2019-08-06,79.6,51.0
2019-08-07,77.69,51.0
2019-08-08,72.84,51.0
2019-08-09,92.58,51.0
2019-08-10,72.73,51.0
2019-08-11,73.83,51.0
2019-08-12,87.48,51.0
2019-08-13,82.21,51.0
2019-08-14,183.87,51.0
2019-08-15,175.84,51.0
2019-08-16,136.53,51.0
2019-08-17,119.39,51.0
2019-08-18,112.89,51.0
2019-08-19,96.71,51.0
2019-08-20,129.24,51.0
2019-08-21,145.58,51.0
2019-08-22,93.93,51.0
2019-08-23,90.29,51.0
2019-08-24,85.53,51.0
2019-08-25,109.3,51.0
2019-08-26,84.67,51.0
2019-08-27,75.9,51.0
2019-08-28,78.73,51.0
2019-08-29,94.01,51.0
2019-08-30,70.11,51.0
2019-08-31,60.67,51.0
2019-09-01,61.54,51.0
2019-09-02,62.05,51.0
2019-09-03,60.58,51.0
2019-09-04,54.41,51.0
2019-09-05,48.39,51.0
2019-09-06,61.01,51.0
2019-09-07,50.87,51.0
2019-09-08,43.87,51.0
2019-09-09,44.6,51.0
2019-09-10,41.37,51.0
2019-09-11,38.57,51.0
2019-09-12,36.58,51.0
2019-09-13,48.53,51.0
2019-09-14,44.86,51.0
2019-09-15,50.16,51.0
2019-09-16,44.29,51.0
2019-09-17,41.56,51.0
2019-09-18,40.36,51.0
2019-09-19,52.57,51.0
2019-09-20,58.44,51.0
2019-09-21,87.9,51.0
2019-09-22,91.79,51.0
2019-09-23,102.42,51.0
2019-09-24,108.56,51.0
2019-09-25,100.99,51.0
2019-09-26,83.06,51.0
2019-09-27,66.3,51.0
2019-09-28,60.52,51.0
2019-09-29,52.5,51.0
2019-09-30,66.67,51.0
2019-10-01,59.22,51.0
2019-10-02,50.82,51.0
2019-10-03,46.28,51.0
2019-10-04,115.23,51.0
2019-10-05,67.96,51.0
2019-10-06,58.58,51.0
2019-10-07,52.25,51.0
2019-10-08,49.94,51.0
2019-10-09,62.38,51.0
2019-10-10,66.32,51.0
2019-10-11,67.96,51.0
2019-10-12,132.74,51.0
2019-10-13,113.96,51.0
2019-10-14,78.26,51.0
2019-10-15,67.75,51.0
2019-10-16,59.74,51.0
2019-10-17,59.87,51.0
2019-10-18,77.96,51.0
2019-10-19,136.04,51.0
2019-10-20,101.79,51.0
2019-10-21,76.79,51.0
2019-10-22,73.03,51.0
2019-10-23,116.28,51.0
2019-10-24,131.8,51.0
2019-10-25,146.14,51.0
2019-10-26,146.44,51.0
2019-10-27,95.76,51.0
2019-10-28,80.39,51.0
2019-10-29,74.55,51.0
2019-10-30,64.66,51.0
2019-10-31,58.94,51.0
2019-11-01,57.25,51.0
2019-11-02,63.13,51.0
2019-11-03,68.97,51.0
2019-11-04,67.56,51.0
2019-11-05,69.63,51.0
2019-11-06,55.85,51.0
2019-11-07,60.56,51.0
2019-11-08,53.91,51.0
2019-11-09,54.64,51.0
2019-11-10,63.55,51.0
2019-11-11,108.98,51.0
2019-11-12,83.5,51.0
2019-11-13,117.61,51.0
2019-11-14,130.05,51.0
2019-11-15,115.6,51.0
2019-11-16,99.74,51.0
2019-11-17,85.41,51.0
2019-11-18,72.53,51.0
2019-11-19,67.38,51.0
2019-11-20,61.49,51.0
2019-11-21,56.97,51.0
2019-11-22,73.83,51.0
2019-11-23,96.18,51.0
2019-11-24,112.54,51.0
2019-11-25,77.42,51.0
2019-11-26,68.53,51.0
2019-11-27,69.99,51.0
2019-11-28,60.58,51.0
2019-11-29,55.63,51.0
2019-11-30,51.59,51.0
2019-12-01,48.8,51.0
2019-12-02,46.18,51.0
2019-12-03,44.64,51.0
2019-12-04,43.12,51.0
2019-12-05,40.28,51.0
2019-12-06,37.03,51.0
2019-12-07,34.85,51.0
2019-12-08,36.46,51.0
2019-12-09,43.61,51.0
2019-12-10,40.75,51.0
2019-12-11,35.19,51.0
2019-12-12,35.27,51.0
2019-12-13,34.12,51.0
2019-12-14,32.4,51.0
2019-12-15,36.97,51.0
2019-12-16,49.63,51.0
2019-12-17,46.14,51.0
2019-12-18,47.15,51.0
2019-12-19,42.07,51.0
2019-12-20,34.11,51.0
2019-12-21,30.72,51.0
2019-12-22,35.49,51.0
2019-12-23,37.81,51.0
2019-12-24,31.58,51.0
2019-12-25,34.92,51.0
2019-12-26,44.48,51.0
2019-12-27,42.19,51.0
2019-12-28,36.3,51.0
2019-12-29,30.31,51.0
2019-12-30,32.74,51.0
2019-12-31,31.16,51.0
